variable,chi2,df,p_value
sex,2.7247827181270377,1,0.09880156639960519
