status,age_n,age_mean,age_sd,age_median,age_iqr,alb_n,alb_mean,alb_sd,alb_median,alb_iqr,alp_n,alp_mean,alp_sd,alp_median,alp_iqr,alt_n,alt_mean,alt_sd,alt_median,alt_iqr,ast_n,ast_mean,ast_sd,ast_median,ast_iqr,bil_n,bil_mean,bil_sd,bil_median,bil_iqr,che_n,che_mean,che_sd,che_median,che_iqr,chol_n,chol_mean,chol_sd,chol_median,chol_iqr,crea_n,crea_mean,crea_sd,crea_median,crea_iqr,ggt_n,ggt_mean,ggt_sd,ggt_median,ggt_iqr,prot_n,prot_mean,prot_sd,prot_median,prot_iqr
Control,540,47.266666666666666,9.704311151056116,47,15,540,42.00703703703704,5.508191447539242,42.1,6.224999999999994,540,68.86981481481482,19.45274746687906,66.95,24.825000000000003,540,27.61,20.986791764617777,23.15,15.400000000000002,540,27.12537037037037,12.971122659726332,24.9,8.75,540,8.477777777777778,6.07218380838762,6.9,5.050000000000001,540,8.386185185185186,1.9347840969526626,8.325,2.540000000000001,540,5.478277777777778,1.0707718319125303,5.37,1.4524999999999997,540,78.7537037037037,15.581507675234173,78,21,540,30.624444444444446,31.556708601520633,21.5,17.249999999999993,540,71.87537037037038,5.119529058873405,72.1,5.825000000000003
HCV,75,48.42666666666667,12.319149379784362,49,18.5,75,38.839333333333336,6.847535033574931,40,9.5,75,63.565333333333335,51.73141262571758,56.3,30,75,34.432,46.093466031649335,15,34.4,75,89.94533333333334,65.93997945169599,68.9,69.10000000000001,75,32.413333333333334,49.32465348526476,14,16.5,75,6.8318666666666665,3.3090378667527522,7.1,5.339999999999999,75,4.565733333333333,1.1751459637151618,4.51,1.5,75,99.53333333333333,135.60523522275906,70.9,19.60000000000001,75,103.676,113.08625844305155,65.6,79.5,75,73.26133333333333,7.012631331975053,72.8,8.200000000000003
