Accuracy,Kappa,Sensitivity,Specificity,PPV,NPV
0.9512195121951219,0.7426778242677822,0.6666666666666666,0.9907407407407407,0.9090909090909087,0.9553571428571429
