Model,AUC,Accuracy,Sensitivity,Specificity,TN,FP,FN,TP
Random Forest,0.9950617283950617,0.975609756097561,0.8666666666666667,0.9907407407407407,107,1,2,13
